Judul,Jenis
ikut potret menang hasil abadi tim kapanlagi com datang langsung acara,bisnis
selain sandrinna michelle ada sembilan menang kategori beda di sctv awards,lifestyle
ikut daftar menang sctv awards lengkap kategori nominasi raffi ahmad sandrina michelle hingga cut syifa,bisnis
berikutini link live streaming sctv awards tayang malam senin november aksi raffi ahmad dewa hingga farel prayoga,bisnis
sctv award anugerah aktor cinta brian aktor utama paling ngetop umum malam anugerah senin,global
sctv awards pandu raffi ahmad robby purba astrid tiar deret musisi riah sctv awards farel prayoga hingga jkt,lifestyle
girl group blackpink anggota lisa jennie rose jisoo konfirmasi bakal konser indonesia rangka tur dunia tajuk blackpink born pink nbsp,bisnis
simak artikel ikut untuk tahu jadwal jual tiket konser blackpink hari dua tuju publik,bisnis
promotor resmi buka jual tiket presale konser blackpink world tour born pink jakarta senin,bisnis
jakarta blackpink unjung indonesia awal tahun datang laku konser tajuk born pink konser rupa kali dua nbsp,lifestyle
tiket blackpink konser born pink world tour jakarta jual harga variasi rp juta hingga rp juta,lifestyle
sudah siap war tiket blackpink pasti kamu ikut tiga langkah belum beli tiket konser blackpink jakarta,lifestyle
dana bantu operasional sekolah bos menteri agama kemenag tahap ii madrasah pesantren cair sejak awal november,bisnis
dana bos kemenag tahap ii pesantren segera cair siap dokumen untuk syarat proses cair rekening bank,bisnis
surabaya beritajatim com dana bantu operasional sekolah bos madrasah tahap ii cair menteri agama kemenag cair rp nbsp,bisnis
radarsolo id saat dana bos kemenag nilai total rp miliar sebut ada rekening bank salur rpl,bisnis
hal sebut bagaimana nyata waryono selaku direktur didik diniyah pondok pesantren pd pontren total rp akan nbsp,lifestyle
dana bantu operasional sekolah bos madrasah tahap ii cair menteri agama kemenag,bisnis
telah dana masuk rekening pesantren pihak pesantren laku proses cair bawa tanda bukti upload syarat cair bos nbsp,bisnis
shim jae yun yang kenal jake sim rupa anggota boy band enhypen jake enhypen lahir korea selatan november namun jake nbsp,global
jake enhypen ulang tahun ikut tujuh contoh ucap selamat ulang tahun bahasa korea bisa kirim weverse,global
ikut biodata jalan karir jake satu satu member enhypen asal australia hari ulang tahun,global
ibu iriana joko widodo terima datang ibu negara republik korea madam kim keon hee hotel the apurva kempinski bal,lifestyle
usai foto ibu iriana ajak madam kim lihat jumlah tampil budaya indonesia antara gamelan bal tari sambut panyem,lifestyle
datang g bal presiden yoon suk yeol tani sang istri kim keon hee pesona bikin gagal fokus paras bak anak muda,global
hadir ktt g bal presiden korea selatan yoon suk yeo damping istri kim keon hee gaya sang ibu negara tak luput sorot,global
ibu negara iriana joko widodo jokowi terima datang ibu negara republik korea kim keon hee hotel the apurva kempinski balisenin,lifestyle
kliktimes com bal turut hadir konferensi tingkat tinggi ktt g bal november presiden korea selatan yoon suk yeol hadir nbsp,global
gaya istri presiden korea selatan yoon suk yeol kim keon hee sebut kalah tawan aktris aktris korea tiba bal jelang ktt g,lifestyle
tempo co jakarta presiden korea selatan yoon suk yeol tiba bal minggu november hadir konferensi tingkat tinggi ktt nbsp,global
potret cantik ibu negara korea selatan usia tahun curi fokus wajah sangat glowing cantik song hye kyo,lifestyle
presiden korea selatan yoon suk yeol curi perhati warganet gandeng istri kim keon hee turun pesawat presiden,global
presiden jokowi presiden korea selatan yoon suk yeol hadir temu usaha negara sela sela b bal,global
tampil istri presiden korea selatan hadir ktt g bal curi perhati tak sedikit puji cantik kim keon hee tampil wanita tahun nbsp,lifestyle
presiden korea selatan guna genesis g tiba bal ikut ktt g malah naik mercedes benz s guard,global
dalam datang sebut presiden yoon tani sang istri kim koen hee tampak sosok kim koen hee jadi sorot warganet indonesia pasal kim nbsp,lifestyle
presiden korea selatan yoon suk yeol sama sang istri kim keon hee tiba bal hadir ktt g sontak sosok first lady negeri gingseng nbsp,lifestyle
sosok kim keon hee curi perhati netizen indonesia tiba indonesia simak profil sini,lifestyle
wawancara kontroversial cristiano ronaldo soal manchester united jadi sorot ikut kembang masalah,global
cristiano ronaldo ramai bicara bukan alas positif ronaldo baru langsung wawancara piers morgan sarat nbsp,global
cristiano ronaldo baru serang manchester united wawancara ini jadi tanda tak cinta di dua,health
timnas portugal harap dulang prestasi baik mungkin kalau juara piala dunia sebab piala dunia tahun ini mungkin nbsp,global
bintang man united cristiano ronaldo buat enam nyata kontroversial wawancara piers morgan apa halaman all,global
manchester united kata jawab tuding cristiano ronaldo dalam buah wawancara dia aku rasa quot khianat quot klub,global
mantan main manchester united wayne rooney lempar ucap pedas cristiano ronaldo hal susul kurang moncernya ronaldo sikap buruk nbsp,bisnis
manchester united klaim timbang putus kontrak ronaldo cegah gabung klub dasar yurisprudensi fifa,global
banyak pihak dorong arsenal boyong megabintang manchester united cristiano ronaldo rangka tambah daya juang untuk rebut gelar nbsp,bisnis
diogo dalot tunjuk wajah datar foto cristiano ronaldo timnas portugal viral media sosial,global
kasus mati misterius satu keluarga kawasan kalideres simpan tanda tanya publik dasar hasil otopsi laku sidik nbsp,global
kriminolog asumsi empat orang sengaja lapar yakin apokaliptik republika co id jakarta sampai ini pihak polisi polres nbsp,bisnis
kasus tewas satu keluarga buah rumah daerah kalideres jadi bahan bincang masuk duga anut paham apokaliptik,lifestyle
baca jelas apokaliptik apa kait tewas satu keluarga kalideres sejarah teori muncul apokaliptik,global
namun lansir tribun jakarta kriminolog universitas indonesia ui adrianus meliala duga korban milik yakin apokaliptik yakin nbsp,bisnis
masjid sheikh zayed solo resmi presiden republik indonesia joko widodo sama presiden uni emirat arab uea mohammed bin zayed al nahyan,global
replika masjid abu dhabi middot beri nama quot bapak bangsa quot uea middot destinasi wisata religi baru middot ada islamic center sekitar masjid middot imam besar masjid nbsp,lifestyle
surakarta menteri kerja umum rumah rakyat pupr basuki hadimuljono damping wakil wali kota solo teguh prakosa tinjau kesiap resmi nbsp,bisnis
bangun masjid kota solo jawa tengah ornamen mirip salah satu masjid megah dunia sheikh zayed mosque abu dhabi uni emirat arab,global
presiden joko widodo presiden uni emirat arab mohammed bin zayed al nahyan mbz senin pagi resmi masjid raya sheikh zayed solo nbsp,global
masjid sheikh zayed al nahayan lurah giling banjarsari solo buka umum lantar tuntas kerja,bisnis
datariau com batik air kode terbang id member of lion air group beri klarifikasi jelas operasional layan tamu tumpang nbsp,bisnis
kaesang pangarep bisa canda meski koper sasar bandara kualanamu ia terbang surabaya guna batik air,bisnis
berita populer ekonomi bisnis panjang senin kemarin mulai minta maaf batik air atas koper kaesang pangarep nyasar,bisnis
maskapai batik air jadi sorot hal jadi anak kaesang pangarep dapat insiden tak duga guna jasa batik air,bisnis
batik air laku investigasi sebab koper kaesang pangarep putra bungsa presiden jokowi nyasar bandara kualanamu singapura,lifestyle
koper milik kaesang pangarep nyasar ke medan padahal tuju adalah surabaya maskapai batik air langsung minta maaf,bisnis
polisi turki tangkap orang wanita suriah kait ledak bom tewas delapan orang istanbul wanita sebut duga laku tanam bom,global
presiden turki recep tayyip erdogan ledak sebut buah aksi terorisme ledak sendiri jadi minggu kawasan istiklal letak nbsp,global
quot salah kata pasti serang teroris tapi kembang awal intelijen gubernur bau terorisme quot ujar kutip cnbc nbsp,lifestyle
the ministry of foreign affairs of the republic of indonesia is a government ministry responsible for the country s foreign politics,bisnis
duta besar ri ankara sampai jauh tidak warga negara indonesia wni jadi korban peristiwa ledak bom daerah nbsp,bisnis
jakarta riaupos co presiden turki recep tayyip erdogan kutuk serang bom jadi istanbul turki senin,global
polisi tangkap selebgram makassar kait kasus prostitusi polisi duga ada libat jumlah selebgram makassar lain,global
mucikari pasang tarif rp juta rupiah transaksi dalam transaksi mucikari dapat rp ribu upah,bisnis
selebgram makassar tangkap polisi usai duga libat prostitusi polisi kata kasus prostitusi sebut patut duga libat jumlah nbsp,lifestyle
personel resmob polda sulawesi selatan tangkap orang jaring prostitusi online libat orang selebriti instagram selebgram,global
saat tangkap sedang ada hotel whiz prime ada jl sultan hasanuddin camat ujung pandang kota makassar nasional okezone nbsp,lifestyle
ijas terima calon langgan guna aplikasi whatsapp patok tarif besar rp juta ijas terang dia telpon cempreng,bisnis
whatsapp business jadi salah satu aplikasi dukung giat bisnis online rilis lalu apa cara buat akun,bisnis
guna whatsapp business tengah gandrung masyarakat itu karena whatsapp business dukung giat bisnis online,bisnis
whatsapp business lebih tuju para laku usaha jalan bisnis online akan whatsapp mesengger maupun whatsapp business nbsp,bisnis
ini beberapa yang perlu moms tahu soal whatsapp business yuk coba bisnis rumah,health
cara buat akun whatsapp business fungsi fitur katalog taut pendek pesan label whatsapp business,bisnis
jatimnetwork com aplikasi chating populer indonesia cukup agam antara whatsapp telegram hingga kakaotalk,bisnis
ayomalang com aplikasi chating populer indonesia cukup agam di antara line telegram hingga whatsapp kabar baik whatsapp nbsp,bisnis
film ip man the finale bintang donnie yen ramai jadi bincang publik alas tayang oleh salah satu stasiun nbsp,lifestyle
ip man the finale film seni bela diri tiongkok tahun sutradara wilson yip produksi raymond wong,global
ip man sutradara wilson yip kisah hidup grand master wing chun ip man,global
ikut fakta film ip man the finale bintang donnie yen danny chan hingga scott adkins,lifestyle
ini sinopsis film ip man the finale akan tayang bioskop trans tv malam aksi donnie yen adu kungfu amerika serikat,global
master kung fu laku jalan as mana murid kecewa komunitas seni bela diri tempat buka sekolah,global
jakarta kilat com b ip man b the finale jadi film tidak lewat saja pasal film peran per utama donnie yen masih tunjuk aksi kungfu ada amerika serikat,global
timnas u indonesia lawan prancis usai jalan pusat latih turki,bisnis
ikut lima main kelas timnas prancis u jelang hadap indonesia ajang costa calida region de murcia football week,lifestyle
jalan jauh turkiye spanyol uras bugar timnas u indonesia jelang laga lawan perancis,bisnis
kapten timnas u indonesia nilai rekan rekan benah tahan khusus hadap bola mati set piece,global
seperti tahu timnas u slovakia duel skuad garuda nusantara sabtu dua tim sama sama partisipasi nbsp,lifestyle
timnas indonesia u langsung gelar uji coba lawan prancis u spanyol kapten tim muhammad ferrari khawatir bugar tim,global
shin tae yong punya resah jelang laga timnas indonesia u lawan prancis u,bisnis
timnas u bobol gol lewat situasi bola mati lawan al aldalah fc,global
bulan jalan pusat latih tc turki timnas indonesia u jadwal tolak spanyol,bisnis
usai pusat latih tc timnas indonesia u turki di sini garuda muda jalan bagai program latih uji coba,bisnis
restoran asal australia karen s diner bakal segera buka jakarta restoran kenal konsep nyeleneh upa sikap layan galak,lifestyle
karen s diner restoran unik kenal milik layan kasar konfirmasi buka cabang di jakarta indonesia halaman all,bisnis
merdeka com restoran waralaba asal australia karen s diner kabar segera buka gerai cabang jakarta umum sebut sampai nbsp,global
karen s diner resmi umum rencana buka cabang jakarta ini lima fakta tarik karen s diner tahu unjung,lifestyle
restoran karen s diner kabar buka indonesia tengah desember simak lengkap sini,bisnis
karen s diner restoran viral konsep nyeleneh upa layan kasar suka maki langgan segera hadir indonesia,bisnis
restoran karen s diner ciri khas layan kasar maki kabar buka lowong kerja loker tarik daftar,lifestyle
ramal zodiak hari november gemini minta berani ungkap pikir obrol penting tangan diplomasi,bisnis
masalah keluarga hampir selesai terlalu banyak usaha kamu taurus april mei zodiak taurus pixabay taurus dasar ramal nbsp,bisnis
cancer virgo prediksi tuai aku atas kerja keras tempat kerja ramal zodiak hari selasa november,bisnis
ramal zodiak sagitarius hari selasa november lengkap bahas karir uang sehat cinta anda,bisnis
ramal zodiak karir hari pisces minta bisa kerja keras untuk bukti diri maju anda beri tanggung jawab unik nbsp,bisnis
ramal zodiak hari selasa november khusus cancer leo sagitarius tiga milik rasi bintang tengah jalan hari hari sulit,bisnis
ramal zodiak hari rabu november aries kamu lebih sabar taurus pilih peluang paling baik gemini pusat perhati kerja,bisnis
elon musk kena kemeja batik acara b jadi berita teknologi cukup sita perhati ada berita soal apple whatsapp,bisnis
presiden jokowi titip soal agenda daya umkm b tahun depan india selaku presidensi ktt g,bisnis
ketua dpr puan maharani harap alam ilmu bagi pakar b summit manfaat generasi muda indonesia nbsp,bisnis
gelar b summit bahas kena kerja sama perintah swasta selesai bagai masalah dunia dorong tumbuh nbsp,global
b rumus rekomendasi bijak akan bawa ktt g tekan inovasi inklusi kolaborasi,lifestyle
elon musk hadir virtual meeting b bal latar belakang gelap nyata rumah sedang jadi madam listrik,global
presiden ri joko widodo jokowi hadir sekaligus sampai pidato kunci tutup temu b b summit senin nbsp,bisnis
tempo co nusa dua konferensi tingkat tinggi ktt b capai sepakat senin november chair of b indonesia shinta kamdani nbsp,bisnis
elon musk hadir virtual meeting b lampu ia sebut rumah mati lampu paksa keliling lilin tengah gelap,global
turut presiden strategi sebut hasil bawa indonesia jadi salah satu titik terang tengah suram ekonomi dunia,bisnis
olympique marseille hasil curi poin penuh usai menang dramatis atas as monaco lanjut liga prancis langsung stade louis ii nbsp,global
dramatis marseille curi poin kandang as monaco sepakbola dunia okezone bola,global
sead kolasinac buat marseille curi tiga poin kandang as monaco lewat gol menit akhir laga dua tim akhir skor stade louis nbsp,bisnis
jakarta gol menit akhir sead kolasinac bawa marseille curi tiga poin kandang as monaco lanjut tanding liga prancis stade louis nbsp,global
marseille hadap as monaco tanding ligue stade louis ii senin dini hari,global
ac mil hasil kalah fiorentina berkat gol rafael leao tiru selebrasi cristiano ronaldo gol bunuh diri warna drama akhir laga ac mil nbsp,global
